TrackId,Composer,Name
7,Kobus leche robertsi,BitChill
11,Abshire Inc,Emulation Rock
17,Adams McKenzie and Auer,Grassbrassroots
18,Anderson Group,ljh
22,AndersonMurazik,Inverse
23,Ankunding-Jones,freshthinking
27,Aufderhar-Raynor,Fine Fran
29,Bahringer Group,Selfenabling
33,Bailey Inc,Lil George
34,Bartell-Rau,Crossgroup
35,Bartoletti Group,Devolved
40,Corvus albicollis,Fix San
41,Bashirian-Wolff,collaboration
45,Batz LLC,Standalone
46,Batz-Zboncak,customer loyalty
47,Bauch Inc,circuit
50,Cacatua tenuirostris,Riki Worpole
51,Beahan Inc,demanddriven
52,Beahan-Blick,didactic
56,Sagittarius serpentarius,Brianne Doige
58,Bechtelar LLC,contingency
59,Bechtelar LLC,Optional
63,Laniarius ferrugineus,Matsoft
64,Beer LLC,toolsetframed
65,Beier and Sons,tertiary
68,Laniarius ferrugineus,Viola Rama
69,Berge-Abshire,Adaptive
70,Berge-Murray,Centralized
73,Tachybaptus ruficollis,Zaam-Dox
74,Tachybaptus ruficollis,Jon Hartzenberg
77,Bernhard LLC,support
79,Bernier and Sons,attitudefocused
81,Bernier-Powlowski,Graphic Interface
82,Bins Inc,internet solution
83,Hystrix cristata,Wilmette Kingsford
86,Sceloporus magister,Flowdesk
87,Bode-Kuhn,moderator
88,Sceloporus magister,Wally Sybe
91,Dendrocygna viduata,Alphazap
92,Dendrocygna viduata,Patti Serjeant
95,Botsford-Roberts,encryption
96,Tamiasciurus hudsonicus,Theobald Dragon
97,Stroma Predovic and Rolfson,architecture
100,Bradtke LLC,zero administration
101,Bradtke-Kerluke,Focused
104,unavailable,Marris Mottershead
105,Libellula quadrimaculata,Tampflex
106,Libellula quadrimaculata,Gay Caret
109,Brekke LLC,bidirectional
110,Brown Inc,Opentune
113,Buckridge-Sanford,Robust
114,Ninox superciliaris,Horton Boecke
115,Carroll-Abernathy,solution
118,Haliaetus vocifer,Prodder
119,Haliaetus vocifer,Davin Fernehough
122,Cassin-Medhurst,homogeneous
123,Christiansen Inc,Assimilated
124,Christiansen Inc,Synergized
127,Collier Inc,Persistent
128,Loxodonta africana,Lionello Pearde
131,Connelly Inc,function
132,Conroy and Sons,software
133,Conroy-Dicki,fault-tolerant
136,Ephippiorhynchus mycteria,Fania Valler
137,LeannoJakubowski and Hirthe,highpoplevel
140,Cormier LLC,Expanded
141,Cormier-Langworth,dedicated
142,Felis chaus,Stefanie Marney
145,Corwin LLC,intermediate
146,Cremin-Hilpert,Customizable
149,Crist and Sons,productivity
150,Crist-Medhurst,Exclusive
151,Crist-Prohaska,Userfried
154,Crona Inc,Sharable
155,Crona-Weimann,neural-net
156,Bettongia penicillata,Amabel Mc Coughan
158,Cruickshank LLC,Exclusive
159,Cruickshank-Bahringer,analyzer
160,Cruickshank-Kerluke,Multihotep
164,Cummings-Lesch,Advanced
168,D'Amore-Stamm,architecture
172,Naja haje,Brittne Mattaser
174,Daugherty-Hickle,Face to face
176,Denesik-Moore,customer loyalty
177,Denesik-Rau,Qualityfocused
178,Platalea leucordia,Abner Di Biagio
181,Dickens-Kohler,Distributed
182,Zenaida galapagoensis,Matsoft
197,Doyle Inc,extranet
200,Doyle-Hansen,monitoring
201,Durgan Inc,artificial intelligence
203,Ebert Group,local area network
204,Ebert-Pouros,hardware
212,Erdman Group,Face to face
220,Sarcorhamphus papa,Danice Salvati
224,Fay Inc,encryption
226,Feeney Inc,cohesive
227,Ramphastos tucanus,Konklab
239,Flatley-Lebsack,Visionary
243,Lutra canadensis,Solarbreeze
249,Funk Inc,Cloned
250,Funk-Adams,open system
254,Odocoilenaus virginianus,Muffin Feron
255,Gibson Inc,Synchronised
259,Gislason Inc,Righty
261,Gleason-Lemke,firmware
265,Tachyglossus aculeatus,Job
266,Goldner and Sons,uniform
267,Goldner Group,Userpal
272,Columba palumbus,Nicola Withull
273,Gyps bengalensis,Zamit
277,Gottlieb-D'Amore,Rightstud
278,Hyaena hyaena,Durward Dudding
279,Goyette and Sons,Compatible
282,Grady and Sons,Enterpriseswide
283,Grady Inc,Beatsrengineered
284,Grady-Barton,uniform
288,Green Group,Selfstopthebeat
290,Greenfelder-Gottlieb,Reactive
291,Greenfelder-Macejkovic,Face to face
295,Greenholt Inc,contextfunk
296,Paraxerus cepapi,Bytecard
297,Gulgowski and Sons,concept
300,Paraxerus cepapi,Reinaldos Echalier
301,Gutmann and Sons,awoiejropiuawejf
302,Larus dominicanus,Y-find
305,Coracias caudata,Stim
306,Halvorson and Sons,local
309,Hamill-Bailey,contextsensitive
311,Hammes-Sanford,cohesive
313,Hand LLC,knowledge user
314,Coracias caudata,Aigneis Wythe
315,Lophoaetus occipitalis,Cookley
318,Terathopius ecaudatus,Y-find
319,Terathopius ecaudatus,Gregg deKnevet
320,Hane-Nitzsche,realcool
323,Hansen LLC,success
324,Hansen LLC,success
327,Harber Group,synergy
328,Harber LLC,Cloned
329,Harber-Senger,explicit
332,Hartmann-Considine,clearclassical
333,Harvey Inc,Synchronised
336,Hauck Group,foreground
337,Hauck Inc,installation
338,Hayes and Sons,solutionstyle
341,Merops nubicus,Freddi Langham
342,Heathcote Group,bifurcated
345,Macropus parryi,Ryun Bausor
346,Heller and Sons,Profitbeats
347,Herman and Sons,Versatile
350,Delphinus delphis,Kanlam
351,Hermann LLC,global
354,Herzog Group,Openfunk
355,Herzog Inc,matrix
356,Delphinus delphis,Megan Chinery
359,Rice Brekke and Lesch,Persevering
360,Balearica pavonina,Wrapsafe
363,Hilpert and Sons,archive
364,Hilpert-Leannon,Downsized
365,Hintz Inc,capacity
368,Hodkiewicz-Legros,functionalities
369,Balearica pavonina,Ola Lanyon
372,Hoeger-Rempel,Organic
373,Chauna torquata,Toughjoyfax
374,Chauna torquata,Lin Linton
377,Lepus arcticus,Tresom
378,Howe-Huels,intangible
381,Huel-Murphy,Qualitybandfunk
382,Lepus arcticus,Willette Pedgrift
383,Huels-Grant,multimedia
386,Hyatt-Miller,leverage
387,Hyatt-Simonis,value
388,Jacobi-Satterfield,exuding
390,Jacobs-Sawayn,Usercentric
391,Jacobs-Shanahan,mobile
392,Jacobson Group,missioncritical
396,Cervus duvauceli,Dilly Guiett
400,Jaskolski and Sons,actuating
404,ZiemBecker and Kemmer,artificial intelligence
406,Jerde and Sons,instruction set
408,Panthera pardus,Cookley
409,Johns Group,kafbjouryw
410,Johns-Johnston,responsive
413,Johnson-Bartell,internet solution
414,Johnson-Jacobi,national
429,Ictonyx striatus,Kristos Balmadier
432,Kiehn-Corkery,Persistent
433,Kiehn-Kihn,radical
435,Kihn and Sons,oirwjrowknf
436,Anser anser,Ferne Pond
444,Meleagris gallopavo,Job
452,Klocko-Lebsack,extranet
456,Koepp LLC,database
458,Papio ursinus,Fix San
459,Papio ursinus,Elli Willows
471,Kshlerin LLC,benchmark
475,Kuhic and Sons,hardware
481,Kuhlman-Wisozk,composite
482,Kuhn Group,kjajjfag
486,Kunde and Sons,encompassing
487,Kunde-Abshire,userfacing
491,Coluber constrictor,Quo Lux
493,Kuphal Group,implementation
497,Hyaena hyaena,Lanette Geggus
498,Dickens Conroy and Torp,archive
499,Sagittarius serpentarius,Stringtough
504,Labadie-Koch,forecast
505,Lang Group,portal
509,Coluber constrictor foxii,Maggy Culross
510,Langworth-Raynor,Centralized
511,Varanus sp.,Prodder
514,Varanus sp.,Jade Handes
515,Leannon LLC,artificial intelligence
516,Leannon-Balistreri,Object-based
520,Anathana ellioti,Nyssa Seemmonds
522,Leffler-Mohr,hardware
523,Legros Group,Face to face
527,KundDicki and Hahn,infoclassicmediaries
528,Lehner-Monahan,complexity
529,Lemke-Towne,Graphical User Interface
532,Nannopterum harrisi,Shandeigh Leadbetter
533,Leuschke Inc,empowering
534,Leuschke Inc,groupware
537,Lindgren and Sons,economic
538,Odocoileus hemionus,Veribet
541,Little-Stehr,Managed
543,Fulica cristata,Treeflex
545,Lowe-Jenkins,Compatible
546,Lubowitz Inc,Inverse
547,Lubowitz-Konopelski,structure
550,Lueilwitz-Murphy,reciprocal
551,Luettgen and Sons,model
552,Luettgen LLC,ecocentric
555,Lynch Group,interface
556,Bassariscus astutus,Tresom
559,Macejkovic-Jaskolski,Upgradable
560,Macejkovic-McKenzie,motivating
561,Bassariscus astutus,Bone Swindin
564,MacGyver-Strosin,capability
565,MacGyver-White,Automated
568,Maggio-Fahey,reciprocal
569,Maggio-Franecki,realtime
570,Nasua narica,Louise Brazel
573,Mante Inc,Multitone
574,Mante-Dickens,coherent
577,Crotalus triseriatus,Voyatouch
578,Marquardt-Jakubowski,system engine
579,Crotalus triseriatus,Aubrey Chominski
582,Mayer-Crist,scalable
583,Mayer-Cronin,xlkmhog
586,McClure Group,productivity
587,Helogale undulata,Jerrine Forlong
588,McDermott and Sons,systemic
591,McGlynn Group,middleware
592,Dendrocygna viduata,Pannier
595,McKenzie-Lockman,toiurtoiwu
596,McLaughlin LLC,internet solution
597,McLaughlin-Jacobs,static
600,Mertz-Littel,conglomeration
601,Mertz-Nienow,helppop
604,Miller-Ledner,Sharable
605,Miller-Wunsch,Visionary
606,Mills-Schiller,monitoring
609,Mohr and Sons,Upgradable
610,Monahan Inc,Distributed
613,Morar-Hudson,taskforceone
614,Morar-Zulauf,leverage
615,Morissette Inc,Userdog
618,Muller and Sons,intangible
619,Muller Group,local area network
620,Muller Group,Total
622,Muller-Hane,Expanded
623,Muller-Schmidt,Managed
624,Murazik-Pagac,next generation
628,SchaefeHowe and Franecki,capacity
632,Nicolas Group,Generation
636,Rippin Ritchie and Schiller,Ergonomic
638,Nitzsche LLC,object-oriented
640,Dendrohyrax brucel,Konklab
641,Dendrohyrax brucel,Mickey Szymoni
642,Nolan-Vandervort,systemworthy
645,O'Conner-Ritchie,Realigned
646,Canis mesomelas,Melody Hayer
661,Oberbrunner-Wilkinson,Object-based
664,Okuneva-Kovacek,analyzing
665,Padbe Lynch and Bogisich,maximized
667,Ondricka and Sons,instruction set
668,Ondricka and Sons,solutionbud
676,Pacocha Inc,Universal
684,Pfannerstill Group,cohesive
688,Pollich Inc,optimal
690,Pouros and Sons,Intuitive
691,Pouros-Cassin,Assimilated
703,Purdy and Sons,ReEngineered
707,Quigley LLC,Intuitive
713,Quitzon Group,infomediaries
714,Tursiops truncatus,Tasha Dagworthy
718,Rau-Carter,explicit
719,Rau-Yundt,Reduced
723,Reichert and Sons,Enterpriseglidewide
725,Reilly Group,wkjhryeq
729,Rempel Inc,emulation
730,Rempel-Wilderman,background
731,Renner and Sons,project
736,Meleagris gallopavo,Jarred Cobley
737,Rippin-Dooley,Openarchitected
741,Robel-Hand,Visionary
742,Roberts and Sons,humanrock
743,Roberts-Kessler,Seamless
746,Cebus apella,Carter Simak
747,Rogahn Inc,discrete
748,Rohan Inc,firmware
752,Roob-Larson,installation
754,Rosenbaum Inc,parallelism
755,Rosenbaum-Barrows,Proactive
759,Ruecker-Jerde,fulljazzrange
760,Runolfsson and Sons,discrete
761,Runolfsson Group,ecofunk
764,Francolinus swainsonii,Asoka
765,Francolinus swainsonii,Emelina Vlach
766,Runte-Grant,Multishte
769,Russel and Sons,complexity
770,Rutherford-Rath,oijoij
773,Sanford Inc,otepkwty
775,Satterfield Group,definition
777,CollinsQuitzon and Walter,attitudeoriented
778,Sawayn LLC,needs-based
779,Antidorcas marsupialis,Keylex
782,Meles meles,Gembucket
783,Schaefer and Sons,Synergistic
784,Schaefer Group,De-engineered
787,Meles meles,Moira Sleney
788,Langosh Reichel and Reichel,disintermediate
791,Schimmel and Sons,infopopmediaries
792,Tachyglossus aculeatus,Roderich Filchakov
793,Schmeler LLC,superstructure
796,Schmitt Inc,Automated
797,Schoen-Effertz,Totalhi
800,Schroeder-Emmerich,flexibility
801,Nad Kemmer and Hartmann,multipop
802,Schulist-Kohler,intangible
805,Schumm-Berge,architecture
806,Schumm-Crona,Phased
809,Uraeginthus bengalus,Cardguard
810,Schuster and Sons,instruction set
811,Schuster and Sons,logistical
814,Uraeginthus bengalus,Etta Judson
815,Shields LLC,Organized
818,Canis lupus baileyi,Zontrax
819,Skiles-Haag,cohesive
820,Skiles-Hessel,capacity
823,Smitham Inc,Reduced
824,Spencer LLC,Public-key
827,Lutra canadensis,Sonsing
828,Spinka Inc,framework
829,Lutra canadensis,Jacquelynn Rappa
832,Stamm and Sons,motivating
833,Stamm and Sons,Visionoriented
836,Crotalus triseriatus,Zathin
837,Stanton-Lindgren,Devolved
838,Crotalus triseriatus,Kerk Burgum
841,Steuber and Sons,hierarchy
842,Steuber Inc,productivity
845,Stiedemann LLC,success
846,Stiedemann-Borer,parallelism
847,Stiedemann-Moore,Streamlined
850,Stokes-Farrell,web enabled
851,Stokes-Ratke,dynamic
852,Eudyptula minor,Linet Alps
854,Stoltenberg Inc,infrastructure
855,Stoltenberg LLC,model
856,Ara ararauna,Craggie Gilston
860,Streich-Marvin,functionalities
864,Swaniawski Inc,Frontline
868,Thompson LLC,strategy
870,Tillman and Sons,Progressive
872,Tillman LLC,Crosssmooth
873,Tillman LLC,interactive
874,Tillman LLC,local area network
877,Dasyprocta leporina,Carena Langan
878,Torp-Mayert,Intuitive
893,Tromp Inc,Multilayered
896,WebeDaugherty and Cassin,Expanded
897,Anas bahamensis,Bamity
899,Turner and Sons,contextuallyfun
900,Ullrich-Towne,responsive
908,Veum-O'Kon,policy
916,Waelchi-Reichel,customer loyalty
920,Walker-Stark,Innovative
922,Walsh LLC,policy
923,Walsh LLC,workforce
935,Watsica-Farrell,utilisation
939,Weber-Thiel,evenjazzkeeled
945,Welch Inc,focus group
946,Welch LLC,hub
950,West-Armstrong,incremental
951,Marmota monax,Petronille Doak
955,Wiegand LLC,Synchronised
957,Wilderman-Quitzon,humanjazz
961,Corvus albicollis,Winona Handling
962,Williamson LLC,clientmusic
963,Sitta canadensis,Vagram
968,Wintheiser and Sons,application
969,Wisozk Group,secondary
973,Wolf and Sons,Adaptive
974,Prionace glauca,Fixflex
975,Prionace glauca,Christopher Lestor
978,Philetairus socius,Sargent Clausewitz
979,Ploceus intermedius,Prodder
980,Wuckert and Sons,infrastructure
984,Wyman Inc,collaboration
986,Ploceus intermedius,Jobey Schenkel
987,Yost LLC,function
991,Hymenolaimus malacorhynchus,Stu Perez
992,Uraeginthus angolensis,Keylex
993,Uraeginthus angolensis,Fianna Gyrgorwicx
996,Zemlak-Friesen,Compatible
997,Chordeiles minor,Sonair
998,Chordeiles minor,Julio Buyers
1001,B,A
1002,Mazama gouazoubira,Stim
1005,Columba livia,Trev Napthine
1007,Streptopelia decipiens,Lotlux
1009,Zalophus californicus,Y-Solowarm
1010,Zalophus californicus,Sibbie Jobbings
1011,CormierWalter and Cummings,process improvement
1014,Canis aureus,It
1015,Canis aureus,Valentin Slinn
1016,Paraxerus cepapi,Daltfresh
1019,Equus hemionus,Sela Liveley
1020,Tayassu pecari,Asoka
1023,Ramphastos tucanus,Mitch Rosina
1024,Braun Batz and Lindgren,Intuitive
1025,Dolichitus patagonum,Solarbreeze
1028,Phascogale calura,Evangeline Connar
1029,Martes pennanti,Wrapsafe
1032,Grus canadensis,Billy Siemons
1033,Streptopelia senegalensis,Sub-Ex
1034,Streptopelia senegalensis,Curran Morden
1037,Gorilla gorilla,Lorens MacCarrane
1038,Acrobates pygmaeus,Gembucket
1041,Larus dominicanus,Home Ing
1042,Larus dominicanus,Brandi Raeburn
1043,Centrocercus urophasianus,Treeflex
1046,Ursus americanus,Norby Kennifick
1047,Macaca mulatta,Vagram
1050,Spizaetus coronatus,Bevan Kurton
1051,Gymnorhina tibicen,Y-Solowarm
1052,Gymnorhina tibicen,Smith Cuddihy
1055,CasperRomaguera and Boehm,systemic
1056,Bos mutus,Konklab
1059,Naja haje,Mat Lam Tam
1060,Naja haje,Isaiah Annwyl
1061,Macaca nemestrina,Holdlamis
1064,Connochaetus taurinus,Wini Levecque
1065,Mungos mungo,Prodder
1068,Pteronura brasiliensis,Daltfresh
1069,Pteronura brasiliensis,Filberto Terney
1070,Erethizon dorsatum,Wrapsafe
1073,Francolinus leucoscepus,Tin
1074,Francolinus leucoscepus,Shaw Ovitts
1077,Coluber constrictor,Tresom
1078,Coluber constrictor,Alanah Fulop
1079,Graspus graspus,Wrapsafe
1082,Rhea americana,Solarbreeze
1083,Rhea americana,Flore Deverall
1084,Ara chloroptera,Hatity
1086,Cervus duvauceli,Otcom
1087,Cervus duvauceli,Kerwin Kyles
1088,Corvus albicollis,Zoolab
1092,Rana sp.,Tallie Charnick
1096,Cercopithecus aethiops,Marguerite Dehm
1100,Terathopius ecaudatus,Fixflex
1102,Jas Prosacco and Bode,projection
1104,Varanus komodensis,Crystal Cridlan
1105,Donnelly Boehm and Yundt,maximized
1106,Oreamnos americanus,Lotstring
1109,Estrilda erythronotos,Vikky Benoix
1110,Hippotragus equinus,Tampflex
1125,Tauraco porphyrelophus,Marys Behneke
1128,Canis aureus,Daltfresh
1129,Canis aureus,Jeno Rominov
1131,Alectura lathami,Ardine Pickerill
1132,Macaca fuscata,Matsoft
1140,Maggio McLaughlin and Rutherford,Persistent
1148,Ovis ammon,Tempsoft
1152,Zalophus californicus,Treeflex
1154,RutherfKunze and Mayert,clearcut
1155,Tachybaptus ruficollis,Bytecard
1167,Cervus elaphus,Shelbi Gregersen
1171,Ovis ammon,Loralyn Sigg
1177,Bahringer Labadie and Lindgren,Digitized
1178,Castor canadensis,Konklab
1182,WillAdams and Hills,circuit
1183,Eudyptula minor,Vagram
1187,Trachyphonus vaillantii,Kurtis Ragg
1189,Nectarinia chalybea,Olly Birk
1193,Dasypus novemcinctus,Codie Brotherhed
1194,Bubalornis niger,Keylex
1195,Bubalornis niger,Jemmy Abele
1200,Donnelly Lang and Torp,realreligion
1201,Eolophus roseicapillus,Bytecard
1205,Deckow Koss and Beatty,Organic
1206,Cervus duvauceli,Domainer
1207,Cervus duvauceli,Nadine Burgott
1210,Anitibyx armatus,Konklux
1211,Anitibyx armatus,Rowland Olexa
1212,Genetta genetta,Stronghold
1216,Cronin O'Reilly and Cartwright,Multihip
1218,Oryx gazella callotis,Jacklyn Lovelock
1219,Douglas Kulas and Hegmann,discrete
1223,Centrocercus urophasianus,Ezra Brearton
1224,NicolasKuvalis and Strosin,Adaptive
1225,Suricata suricatta,Regrant
1228,Spheniscus magellanicus,Janela Knapper
1229,Iguana iguana,Voyatouch
1230,Iguana iguana,Sharyl Breukelman
1233,Nucifraga columbiana,Alpha
1234,Nucifraga columbiana,Dorita Stolberg
1237,Spilogale gracilis,Juliane MacFall
1239,Manouria emys,Benoite Sellar
1241,Phalacrocorax albiventer,Daron Danilchev
1242,Felis yagouaroundi,Sonair
1243,Felis yagouaroundi,Enrico Ubsdall
1246,Ramphastos tucanus,Daron Sains
1247,Conroyrooks and Howell,project
1248,Macropus fuliginosus,Duobam
1251,Phasianus colchicus,Opela
1252,Phasianus colchicus,Lacee Matanin
1255,Hippotragus equinus,Natala Locksley
1256,Threskionis aethiopicus,Greenlam
1257,Threskionis aethiopicus,Deane Carlyle
1260,Koch Reichert and Labadie,Monitored
1261,Falco mexicanus,Konklab
1264,Anastomus oscitans,Transcof
1265,Anastomus oscitans,Ody Geoghegan
1266,Cereopsis novaehollandiae,Ventosanzap
1269,Trichoglossus chlorolepidotus,Chery McCarney
1270,Bode Emmerich and Hickle,dynamic
1273,Hystrix cristata,Stronghold
1274,Hystrix cristata,Sarene Havelin
1275,Seiurus aurocapillus,Zontrax
1278,Mycteria leucocephala,Shawn Heggie
1279,Kovac Waters and Russel,Innovative
1282,Macropus eugenii,Tresom
1283,Macropus eugenii,Leontyne Wimmer
1284,Corallus hortulanus cooki,Otcom
1287,Butorides striatus,Geno Stead
1288,Ciconia ciconia,Domainer
1291,Phascogale tapoatafa,Keylex
1292,Phascogale tapoatafa,Welby Christofides
1293,Priodontes maximus,Temp
1296,Canis mesomelas,Vasilis Hamblyn
1297,Physignathus cocincinus,Mat Lam Tam
1300,Carphophis sp.,Kyle Hebard
1301,Libellula quadrimaculata,Biodex
1302,Libellula quadrimaculata,Milli Caldroni
1305,Cormier Becker and Macejkovic,encompassing
1306,Dusicyon thous,Duobam
1309,Spheniscus magellanicus,Taylor Worsham
1310,Hal Waelchi and Rodriguez,grindenabled
1311,Theropithecus gelada,Zaam-Dox
1314,Columba livia,Holdlamis
1315,Columba livia,Charlene Georgius
1316,Lycosa godeffroyi,Fixflex
1318,SpencerHartmann and McGlynn,Focused
1319,Amblyrhynchus cristatus,Cardify
1320,Amblyrhynchus cristatus,Shelby Braybrookes
1324,Cynictis penicillata,Serge Castanares
1328,Lamprotornis nitens,Tresom
1332,Varanus salvator,Shelby Rope
1334,Gymnorhina tibicen,Murial Deroche
1336,Bradypus tridactylus,Rhonda Tryhorn
1337,QuigleMoore and Haley,actuating
1338,Ceratotherium simum,Sonair
1341,Eira barbata,Rivy Elmer
1342,Lybius torquatus,Voyatouch
1357,Felis concolor,Bertie Gelletly
1360,Cordylus giganteus,Angeli Gatch
1361,TurcottGreen and Daniel,Visionary
1363,Heloderma horridum,Trace Harvard
1364,UllrichDare and Mayert,attitude
1372,Diceros bicornis,Maxy Duffill
1380,Sula nebouxii,Daltfresh
1384,Carduelis uropygialis,Tin
1386,Hegman Bednar and Mills,open architecture
1387,Dromaeus novaehollandiae,Wrapsafe
1399,Yosttting and Boehm,Centralized
1403,Gekko gecko,Louis Woolger
1409,Felis serval,Bitchip
1410,Felis serval,Adolpho Dowsing
1414,Carduelis pinus,Fix San
1415,Carduelis pinus,Parsifal Cheak
1419,Manouria emys,Sher Slamaker
1421,Bubalus arnee,Kerrin Grinyov
1425,Nycticorax nycticorax,Overhold
1426,Nycticorax nycticorax,Tasha Hovenden
1427,Butorides striatus,Keylex
1432,Anas bahamensis,Gertrude Marusyak
1433,Choriotis kori,Cookley
1437,Trichoglossus chlorolepidotus,Tampflex
1438,Trichoglossus chlorolepidotus,Nanon Klos
1439,Cynomys ludovicianus,Sub-Ex
1442,Megaderma spasma,Elsie Rickcord
1443,Terathopius ecaudatus,Cookley
1444,Terathopius ecaudatus,Sarina Luttger
1448,Crotalus triseriatus,Redhold
1450,Hean Ratke and Spinka,Object-based
1451,Uraeginthus bengalus,Overhold
1455,Naja nivea,Gilemette Boog
1456,FeilQuigley and Boehm,optimal
1457,Cochlearius cochlearius,Quo Lux
1460,Gyps bengalensis,Wilma Pollicote
1461,Macropus fuliginosus,Gembucket
1462,Macropus fuliginosus,Peirce Blabber
1465,Ephipplorhynchus senegalensis,Edyth Stitch
1466,Abbott Cruickshank and Bruen,portal
1469,Macropus agilis,Aerified
1471,Cereopsis novaehollandiae,Matsoft
1473,Han Abernathy and Kertzmann,process improvement
1474,Tamiasciurus hudsonicus,Zoolab
1475,Tamiasciurus hudsonicus,Padraig Killbey
1478,Chlidonias leucopterus,Tin
1479,Chlidonias leucopterus,Seka Trow
1480,Ara ararauna,Zaam-Dox
1483,Caiman crocodilus,Rad Gartside
1484,Crotalus cerastes,Otcom
1487,Vombatus ursinus,Lezley Warlton
1488,Macropus robustus,Sub-Ex
1489,Macropus robustus,Rowney Vasyunkin
1492,Carter Pfeffer and Haley,Organized
1493,Mellivora capensis,Fix San
1496,Macropus eugenii,Stim
1497,Macropus eugenii,Lorraine Botton
1498,Zalophus californicus,Kanlam
1501,Centrocercus urophasianus,Stephen Savory
1502,Macropus rufus,Zoolab
1505,Cereopsis novaehollandiae,Solarbreeze
1506,Cereopsis novaehollandiae,Averil Flemmich
1507,WatersKoelpin and Funk,capacity
1510,Abbott Schmitt and Rau,Profound
1511,Microcebus murinus,Prodder
1514,Libellula quadrimaculata,Gregorio Semiras
1515,Colobus guerza,Trippledex
1516,Colobus guerza,Nye Blackmoor
1519,Anthropoides paradisea,Aleta Lghan
1520,Lama pacos,Zontrax
1523,Panthera onca,Tillie Wolstencroft
1524,Aonyx cinerea,Lotlux
1525,Aonyx cinerea,Ange Sword
1528,Psophia viridis,Cookley
1529,Psophia viridis,Aida MacHostie
1532,Junonia genoveua,Murvyn Matveiko
1533,WolffMitchell and Rutherford,userbackwards
1534,Tadorna tadorna,Flowdesk
1537,Spermophilus lateralis,Clint Summersby
1538,Harris Fisher and Hoppe,Centralized
1541,Laniaurius atrococcineus,Treeflex
1542,Laniaurius atrococcineus,Dasi Wakely
1543,Weima Stanton and Christiansen,background
1546,Rayn Willms and Glover,Reversehip
1547,Lycosa godeffroyi,Zoolab
1548,Lycosa godeffroyi,Lesya Thurstance
1550,Picoides pubescens,Devin Matuszak
1551,Tauraco porphyrelophus,Cookley
1552,Tauraco porphyrelophus,Marabel Cockshtt
1556,Tachybaptus ruficollis,Pannier
1560,Irania gutteralis,It
1564,Zalophus californicus,Holdlamis
1566,Crotalus triseriatus,Asoka
1568,Kozey Breitenberg and Hackett,knowledge user
1569,Corvus albicollis,Zaam-Dox
1570,Corvus albicollis,Everard Muehler
1573,Wilkinso Von and Lang,solution
1574,Tamiasciurus hudsonicus,Asoka
1589,Amphibolurus barbatus,Bertrando Savill
1592,Denesik Connelly and Lind,protocol
1593,Odocoileus hemionus,Matsoft
1595,Phascogale calura,Voltsillam
1596,Phascogale calura,Tyne Gonzalvo
1604,Kuhi Casper and Treutel,Businessyip
1612,Columba livia,Grantham Paolini
1616,Klei Jacbs and Hessel,archive
1618,Cygnus atratus,Elenore Fust
1619,Lasiodora parahybana,Sonair
1631,Pseudocheirus peregrinus,Zoolab
1635,Gymnorhina tibicen,Gaspar Teanby
1641,Myrmecobius fasciatus,Bitchip
1642,Myrmecobius fasciatus,Sibelle Harmar
1646,Spheniscus magellanicus,Ronstring
1647,Spheniscus magellanicus,Irene Dedon
1651,Drymarchon corias couperi,Bamity
1653,Herpestes javanicus,Rank
1657,Phalacrocorax niger,Fix San
1658,Phalacrocorax niger,Abigail Khotler
1659,Cacatua tenuirostris,Keylex
1664,Isoodon obesulus,Mat Lam Tam
1665,Isoodon obesulus,Henriette Flaune
1669,Schroede McGlynn and Cassin,bifurcated
1670,Myrmecophaga tridactyla,Namfix
1671,Myrmecophaga tridactyla,Erwin Ruggles
1674,Gazella thompsonii,Agata Stanbrooke
1675,Erdman Grant and Marvin,extranet
1676,Callorhinus ursinus,Flexidy
1680,Stercorarius longicausus,Konklux
1682,Varanus salvator,Tres-Zap
1683,Varanus salvator,Johnathon Mapson
1687,Anas bahamensis,Gunar Searby
1688,Galago crassicaudataus,Stronghold
1689,Galago crassicaudataus,Felicio Veevers
1692,Laniarius ferrugineus,Stim
1693,Laniarius ferrugineus,Care Creavan
1694,Otaria flavescens,Ronstring
1697,Bucephala clangula,Cookley
1698,Bucephala clangula,Marilee Girardini
1701,Ciconia ciconia,Natalie Gwynn
1703,Phoca vitulina,Sonsing
1705,Panthera leo,Bigtax
1706,Panthera leo,Don Tallis
1707,Cochlearius cochlearius,Fintone
1710,Odocoileus hemionus,Corabella Popov
1711,Volkman OReilly and Purdy,zero defect
1712,Crocuta crocuta,Flexidy
1715,Connochaetus taurinus,Bitchip
1716,Connochaetus taurinus,Pierette Ganforthe
1719,Ramphastos tucanus,Home Ing
1720,Ramphastos tucanus,Mathilde Eggerton
1721,Tamiasciurus hudsonicus,Bitwolf
1724,Hymenolaimus malacorhynchus,Quo Lux
1725,Hymenolaimus malacorhynchus,Abel Boughtflower
1728,Cathartes aura,Greenlam
1729,Cathartes aura,Gayler Mew
1730,Genetta genetta,Temp
1733,Corvus brachyrhynchos,Margaretta Chugg
1734,Agelaius phoeniceus,Transcof
1737,Buteo regalis,Zaam-Dox
1738,Buteo regalis,Tamiko Rogier
1739,Cebus apella,Zaam-Dox
1742,Ciconia ciconia,Ezri Augar
1743,Grus antigone,Kanlam
1746,Axis axis,Mikel Tidgewell
1747,Cummings Ferry and Pacocha,Object-based
1748,Phasianus colchicus,Andalax
1751,Grus antigone,Brocky Poure
1752,Lamprotornis chalybaeus,Zontrax
1755,unavailable,Nanette Puve
1756,Fei Altenwerth and McDermott,hub
1757,Macaca mulatta,Sonair
1760,Terrapene carolina,Terry Thick
1761,Vulpes chama,Namfix
1764,Chamaelo sp.,Wynne Spaldin
1765,Dasypus novemcinctus,Cardguard
1766,Dasypus novemcinctus,Nancy Dowthwaite
1769,Zalophus californicus,Alphazap
1770,Zalophus californicus,Elvyn Bailles
1773,Drymarchon corias couperi,Stim
1774,Drymarchon corias couperi,Linet Grisard
1775,Theropithecus gelada,Subin
1778,Damaliscus dorcas,Tempsoft
1779,Damaliscus dorcas,Darya Cosgrove
1780,Tragelaphus angasi,Hatity
1782,Coluber constrictor,Redhold
1783,Coluber constrictor,Toddy Padwick
1784,Creagrus furcatus,Domainer
1788,Hodkiewic Dare and Lebsack,clientserver
1792,Coluber constrictor foxii,Mathian Wellard
1796,Dromaeus novaehollandiae,Aerified
1798,Antidorcas marsupialis,Viva
1800,Vanellus chilensis,Keylex
1801,Vanellus chilensis,Mozelle Sertin
1802,YosMayert and Osinski,uniform
1805,Ninox superciliaris,Kanlam
1806,Ninox superciliaris,Alessandra Jirik
1821,Beatty Crooks and Dickinson,model
1824,Cereopsis novaehollandiae,Zaam-Dox
1825,Cereopsis novaehollandiae,Aila Camous
1827,Camelus dromedarius,Gearard Pryor
1828,Bugeranus caruncalatus,Tin
1836,Lybius torquatus,Twila Mahon
1844,Macropus agilis,Aerified
1848,Echimys chrysurus,Alpha
1850,Kih Bode and Rosenbaum,clientbeats
1851,Geochelone radiata,Bytecard
1863,Sciurus niger,Milena Tume
1867,Tachyglossus aculeatus,Dmitri Rickersy
1873,Oxybelis fulgidus,Sub-Ex
1874,Oxybelis fulgidus,Lorianna Balfe
1878,Phalacrocorax varius,Nev Dowle
1879,Towne Jones and Ortiz,toolset
1883,Sylvicapra grimma,Nananne Devanney
1885,Bettongia penicillata,Elicia Watts
1889,Carduelis pinus,Brantley Courtman
1890,PouroPaucek and Legros,Crossclassical
1891,Nasua narica,Domainer
1896,Nyctea scandiaca,Bigtax
1897,Nyctea scandiaca,Kati Arni
1901,Trichoglossus haematodus moluccanus,Chance Haste
1902,Odocoileus hemionus,Bigtax
1903,Odocoileus hemionus,Emelyne Byrnes
1906,Amphibolurus barbatus,Cardify
1907,Amphibolurus barbatus,Leela Mendel
1908,Wolffunolfsdottir and Hodkiewicz,composite
1912,Choloepus hoffmani,Mona Davidovicz
1914,Herpestes javanicus,Babb Tubbles
1915,Lamprotornis nitens,Temp
1919,Thylogale stigmatica,Salli Manie
1920,Erinaceus frontalis,Trippledex
1921,Erinaceus frontalis,Wally Colisbe
1924,Colobus guerza,Stronghold
1925,Colobus guerza,Correy Cardenosa
1926,Halcyon smyrnesis,Flowdesk
1929,Corvus brachyrhynchos,Hobart Ebbers
1930,Anderson Rippin and Kris,protocol
1933,Phalacrocorax niger,Fintone
1935,Cebus apella,Bitchip
1937,Cebus apella,Kanlam
1938,Cebus apella,Shandy de Castelain
1939,Philetairus socius,Prodder
1942,Zosterops pallidus,Atlanta Paish
1943,SchumCrona and Goyette,Persistent
1944,Spermophilus lateralis,Tampflex
1947,Elephas maximus bengalensis,Greenlam
1948,Elephas maximus bengalensis,Beltran Kassidy
1951,Daniel Reichel and Cremin,Innovative
1952,Bradypus tridactylus,Cookley
1953,Bradypus tridactylus,Claire Bulle
1956,Goldne Witting and Smitham,encoding
1957,Papio cynocephalus,Transcof
1960,Acridotheres tristis,Andriette Comoletti
1961,McClur Grmes and Koch,architecture
1962,Alcelaphus buselaphus cokii,Bigtax
1965,Pavo cristatus,Rae O'Logan
1966,Brakus Hoppe and Lueilwitz,intangible
1969,Bettongia penicillata,Treeflex
1970,Bettongia penicillata,Romain Mart
1971,ParkeKertzmann and Luettgen,algorithm
1974,Lamprotornis nitens,Tin
1975,Lamprotornis nitens,Sonny Chiplin
1978,Ictonyx striatus,Miller Haggart
1979,Donnelly Fahey and Steuber,zero defect
1980,Tapirus terrestris,Fix San
1983,Tadorna tadorna,Phelia Gallimore
1984,Ovis ammon,Solarbreeze
1987,Zalophus californicus,Miner Studd
1988,Madoqua kirkii,Cardify
1989,Madoqua kirkii,Chico Jakucewicz
1992,unavailable,Mat Lam Tam
1993,unavailable,Parsifal Fosken
1996,TillmaRutherford and Torp,explicit
1997,Sciurus vulgaris,Rank
1998,Sciurus vulgaris,Sayres Lovemore
2001,Cebus apella,It
2002,Cebus apella,Welby MacCauley
2005,Sylvilagus floridanus,Latlux
2006,Sylvilagus floridanus,Michelina Sleep
2007,Buteo regalis,Tempsoft
2010,Drymarchon corias couperi,Zaam-Dox
2011,Drymarchon corias couperi,Matteo Blick
2012,Block Hodkiewicz and Schoen,cbklmrlew
2014,Iguana iguana,Patsy Aymes
2015,Alopex lagopus,Biodex
2016,Alopex lagopus,Alina Funcheon
2020,Marmota caligata,Kristos Skeemer
2024,Spermophilus lateralis,Tabbie Gladden
2028,Sarcorhamphus papa,Lorianna Sebert
2030,Nectarinia chalybea,Linea Mettetal
2032,Milvus migrans,Adham Doornbos
2033,Chlamydosaurus kingii,Aerified
2034,Chlamydosaurus kingii,Shoshana Olyonov
2037,Trichoglossus chlorolepidotus,Tresom
2038,Trichoglossus chlorolepidotus,Leyla Ditts
2053,Ceratotherium simum,Kory Banville
2056,CasperBrown and Heathcote,encryption
2057,Mephitis mephitis,Duobam
2059,ThompsoWaelchi and Kovacek,objectbeatriented
2060,Amblyrhynchus cristatus,Zontrax
2068,Anthropoides paradisea,Vagram
2076,Corvus albicollis,Ventosanzap
2080,Zalophus californicus,Grazia Ollin
2082,Sus scrofa,Chrysa Cotmore
2083,WalterOberbrunner and Green,algorithm
2095,Dipodomys deserti,Leanora Joney
2099,Chordeiles minor,Belita Picker
2105,Erinaceus frontalis,Estelle Mapstone
2106,Phalaropus lobatus,Alpha
2110,Gorilla gorilla,Bytecard
2111,Gorilla gorilla,Rochell Lowey
2115,StiedemanWilkinson and Beahan,heuristic
2117,Thalasseus maximus,Eden Conduit
2121,Centrocercus urophasianus,Will McGuire
2122,Phalacrocorax carbo,Tempsoft
2123,Phalacrocorax carbo,Alvin Sackett
2128,Junonia genoveua,Flowdesk
2129,Junonia genoveua,Karlyn Gosnay
2133,Ninox superciliaris,Judon Sobey
2134,Erinaceus frontalis,Span
2135,Erinaceus frontalis,Sharai Hinks
2138,Reyno McClure and Ryan,asymmetric
2139,Canis mesomelas,Fix San
2140,Canis mesomelas,Sydney Ary
2144,Lybius torquatus,Yurik Hay
2146,Plegadis falcinellus,Kennie Doumenc
2147,Tockus erythrorhyncus,Keylex
2151,FayCronin and Hirthe,Seamless
2152,Erinaceus frontalis,Y-Solowarm
2153,Erinaceus frontalis,Katharyn Hackwell
2156,ShanahanBlick and Feil,Standtallalone
2157,Acrantophis madagascariensis,Quo Lux
2158,Acrantophis madagascariensis,Dawn Dobie
2161,Isoodon obesulus,Matsoft
2162,Isoodon obesulus,Gilligan Jeanin
2165,Bore Lynch and Hayes,disintermediate
2167,Eolophus roseicapillus,Vic Hindmore
2169,Taurotagus oryx,Wynny Pettendrich
2170,Macaca fuscata,Treeflex
2171,Macaca fuscata,Kacie Jellis
2174,Anitibyx armatus,Cletis Grimston
2175,Martes pennanti,Bigtax
2176,Martes pennanti,Nathaniel Balbeck
2179,Alligator mississippiensis,Rickie Folds
2180,Trachyphonus vaillantii,Ventosanzap
2183,Connochaetus taurinus,Bamity
2184,Connochaetus taurinus,Carline Tocque
2185,Romagueraaelchi and Mosciski,non-volatile
2188,Naja haje,Fix San
2189,Naja haje,Nyssa Belin
2192,Anthropoides paradisea,Zathin
2193,Anthropoides paradisea,Marcile Olczyk
2194,Acridotheres tristis,Holdlamis
2197,Toxostoma curvirostre,Maridel Menicomb
2198,Myiarchus tuberculifer,Ventosanzap
2201,Grus antigone,Timmie Parrett
2202,Ateles paniscus,Duobam
2203,Ateles paniscus,Modesty Vaneschi
2206,Herma Block and Goldner,collaboration
2207,Cygnus buccinator,Zoolab
2210,Ciconia ciconia,Barbabra Brimley
2211,Bergnaum Kirlin and Bruen,algorithm
2212,Varanus komodensis,Fix San
2215,Larus dominicanus,Waneta Moss
2216,Dicrurus adsimilis,Voyatouch
2219,Bassariscus astutus,Wrapsafe
2220,Bassariscus astutus,Kinsley Meeson
2221,WaterLedner and Heller,highlevel
2224,Alces alces,Mat Lam Tam
2225,Alces alces,Milton Schermick
2228,Motacilla aguimp,Prodder
2229,Motacilla aguimp,Jennee Ipsgrave
2230,Johns Emard and Turner,missionjazzcritical
2233,Hymenolaimus malacorhynchus,Hatity
2234,Hymenolaimus malacorhynchus,Cornela Roskeilly
2237,Actophilornis africanus,Flowdesk
2238,Actophilornis africanus,Clayborn Farbrother
2239,Erethizon dorsatum,Regrant
2242,Ephippiorhynchus mycteria,Augustina Mablestone
2243,Podargus strigoides,Rank
2244,Podargus strigoides,Ellwood Battersby
2246,Marmota monax,Matelda Bullers
2247,Botsford Padberg and McGlynn,multimedia
2248,Corallus hortulanus cooki,Kanlam
2252,Corvus brachyrhynchos,Winne Angliss
2256,Ephippiorhynchus mycteria,Fix San
2260,Bradtke Rice and Hilpert,didactic
2262,Ursus arctos,Giles Ogborne
2264,Macropus rufogriseus,Subin
2265,Macropus rufogriseus,Waldon Jiggen
2266,Lemk Parisian and Flatley,intangible
2269,Equus burchelli,Y-Solowarm
2270,Equus burchelli,Perl Zoppie
2285,Podargus strigoides,Genni Hallas
2288,Gerlach Ullrich and Sporer,Managed
2289,Papio ursinus,Sub-Ex
2291,Colobus guerza,Bigtax
2292,Colobus guerza,Lorita Lamberto
2300,Erinaceus frontalis,Wrapsafe
2308,Theropithecus gelada,Noreen Reicherz
2312,Alces alces,Ellery Grundey
2314,Bassariscus astutus,Dewie Stallion
2315,Gabianus pacificus,Tresom
2327,Cervus elaphus,Span
2331,Ardea golieth,Pennie Daveran
2337,Anathana ellioti,Sonair
2338,Anathana ellioti,Barret Dockrill
2342,Merops nubicus,Lorianne De Bell
2343,Tetracerus quadricornis,Gembucket
2347,Macaca mulatta,Allix Theis
2349,Orcinus orca,Theressa Moss
2353,Phalacrocorax niger,Zoolab
2354,Phalacrocorax niger,Chickie Leal
2355,Ceratotherium simum,Ventosanzap
2360,Lycosa godeffroyi,Giustina Alleburton
2361,Koepp Schumm and Vandervort,knowledge user
2365,Eumetopias jubatus,Redhold
2366,Eumetopias jubatus,Brnaby Bunting
2367,Wilderm Schimmel and Grady,Object-based
2370,Dasypus septemcincus,Matsoft
2371,Dasypus septemcincus,Davita Baurerich
2372,Acrobates pygmaeus,Holdlamis
2376,Felis silvestris lybica,Ashla MacSweeney
2378,Iguana iguana,Sergent Ellit
2379,Semnopithecus entellus,Stronghold
2383,Kuph Toy and Marquardt,webster
2384,Threskionis aethiopicus,Solarbreeze
2385,Threskionis aethiopicus,Jacenta Pemberton
2388,Varanus sp.,Sammy Ledner
2389,Salvadora hexalepis,Veribet
2390,Salvadora hexalepis,Terri Skillitt
2393,Phoenicopterus chilensis,Mathe Jeffrey
2394,Lycosa godeffroyi,Y-Solowarm
2397,Antechinus flavipes,Teddi Messom
2399,Anastomus oscitans,Fixflex
2401,Quigley DAmore and Nienow,Versatile
2402,Spilogale gracilis,Tresom
2403,Spilogale gracilis,Fiona Berthomieu
2406,Lophoaetus occipitalis,Ermin Kerne
2407,Morelia spilotes variegata,Tampflex
2408,Morelia spilotes variegata,Galvan Bergin
2411,Luettge Gleason and Grimes,Reverseengineered
2412,unavailable,Span
2415,Nasua narica,Witty Jarrell
2416,Ara chloroptera,Fixflex
2417,Ara chloroptera,Gui Skelton
2420,Nectarinia chalybea,Stringtough
2421,Nectarinia chalybea,Keefer Iveagh
2424,Herpestes javanicus,Holdlamis
2425,Herpestes javanicus,Brigitte Shaves
2426,Pycnonotus nigricans,Opela
2429,Anthropoides paradisea,Astra Plain
2430,OReill Cormier and Schultz,emulation
2433,Lind Macejkovic and Fisher,emulation
2434,Tamiasciurus hudsonicus,Vagram
2435,Tamiasciurus hudsonicus,Nissy Tregonna
2438,Varanus komodensis,Regrant
2439,Varanus komodensis,Adriana De Bischop
2442,LangworthPowlowski and Carroll,exuding
2443,Paraxerus cepapi,Prodder
2444,Paraxerus cepapi,Orlando Hertwell
2447,Alopex lagopus,Erin Montes
2448,Mazama gouazoubira,Tresom
2451,Paraxerus cepapi,Regrant
2452,Paraxerus cepapi,Luisa Glenwright
2453,Turcott Bahringer and Bashirian,Standtruealone
2456,Cochlearius cochlearius,Zaam-Dox
2457,Cochlearius cochlearius,Tracie Wondraschek
2460,Canis mesomelas,Aerified
2461,Canis mesomelas,Hewe Robet
2462,Hystrix indica,Konklab
2465,Marmota monax,Elayne Guntrip
2466,Scolopax minor,Zontrax
2469,Pelecanus conspicillatus,Merlina Balassi
2470,Naja haje,Temp
2471,Naja haje,Nonna Oyley
2474,Panthera leo,Bitchip
2475,Panthera leo,Sibylle Penton
2476,Spermophilus armatus,Regrant
2478,Aonyx cinerea,Span
2479,Aonyx cinerea,Jobyna Thicking
2480,Schoe McClure and Mante,Visiontalk
2484,Petaurus breviceps,Nissy Pawels
2488,Leprocaulinus vipera,Voyatouch
2492,Tyto novaehollandiae,Bitwolf
2494,Dasyurus viverrinus,Tempsoft
2496,Pur Klocko and Hauck,intermediate
2497,Pedetes capensis,Aerified
2498,Pedetes capensis,Cilka Kolak
2501,Callipepla gambelii,Kristien Akester
2502,Lepus arcticus,Fintone
2517,Tro Funk and Adams,neutral
2520,Rhea americana,Voyatouch
2521,Rhea americana,Konstantine Tregidga
2523,Macropus rufogriseus,Fixflex
2524,Macropus rufogriseus,Editha Hedworth
2532,WildermSchumm and Barrows,customer loyalty
2540,Corvus albicollis,Voltsillam
2544,Suricata suricatta,Inglebert Peacher
2546,Corallus hortulanus cooki,Domainer
2547,Corallus hortulanus cooki,Yalonda Slater
2559,Alectura lathami,Bytecard
2563,Ardea golieth,Leela Burree
2569,Vanellus sp.,Fix San
2570,Vanellus sp.,Margret Guidone
2574,Ammospermophilus nelsoni,Tres-Zap
2575,Ammospermophilus nelsoni,Em Dowderswell
2579,Colobus guerza,Rosabella Brager
2581,Felis concolor,Alan Tussaine
2585,Hystrix indica,Boothe Gidden
2586,Himantopus himantopus,Opela
2587,Himantopus himantopus,Sandie Pudan
2592,Antidorcas marsupialis,Vere Mowsdell
2593,Laniarius ferrugineus,Tampflex
2597,Felis silvestris lybica,Ventosanzap
2598,Felis silvestris lybica,Ketti Brockie
2599,Legroeer and Baumbach,Visionfolk
2602,Pseudalopex gymnocercus,Mat Lam Tam
2603,Pseudalopex gymnocercus,Laughton Sparsholt
2604,WillmJacobi and Beier,ecocentricality
2608,Neophoca cinerea,Charmaine Climson
2610,Martes americana,Geraldine Jump
2611,Speothos vanaticus,Cookley
2615,Turtur chalcospilos,It
2616,Turtur chalcospilos,Chane Bullier
2617,Kub Bogisich and Kiehn,zero tolerance
2620,Tenrec ecaudatus,Otcom
2621,Tenrec ecaudatus,Sofie O'Donovan
2622,Colaptes campestroides,Bytecard
2625,Lama guanicoe,Zoolab
2626,Lama guanicoe,Hyacinthia Cathcart
2629,RoweGrady and Nolan,function
2631,Ovis ammon,Estrellita Devennie
2633,Chlidonias leucopterus,Voltsillam
2634,Chlidonias leucopterus,Jolene Anwell
2635,Bucephala clangula,Sonsing
2638,Felis concolor,Asoka
2639,Felis concolor,Tadeo Beadle
2640,Tayassu pecari,Fintone
2643,Choloepus hoffmani,Fixflex
2644,Choloepus hoffmani,Verina Winkle
2647,Equus burchelli,Ronstring
2648,Equus burchelli,Rich Blencoe
2649,Theropithecus gelada,Fintone
2652,Tachyglossus aculeatus,Greenlam
2653,Tachyglossus aculeatus,Lela Eplate
2656,Potamochoerus porcus,Amandy Titchmarsh
2657,Dasyurus maculatus,Bitwolf
2658,Dasyurus maculatus,Anatola Giacomucci
2661,Phascogale calura,Konklux
2662,Phascogale calura,Reeva Arpe
2665,Acanthaster planci,Tempsoft
2666,Acanthaster planci,Dione Jesty
2667,Mycteria ibis,Zamit
2670,Eumetopias jubatus,Lotlux
2671,Eumetopias jubatus,Titos Deighton
2674,Geococcyx californianus,Maryjo Tenwick
2675,Castor canadensis,Fix San
2676,Castor canadensis,Davidson Dober
2679,Sula dactylatra,Stringtough
2680,Sula dactylatra,Kellen Antic
2683,Merops bullockoides,Konklux
2684,Merops bullockoides,Audry Thebeaud
2685,Johnston McKenzie and Schuppe,lkajalwk
2688,Vombatus ursinus,Bamity
2689,Vombatus ursinus,Mag Whyte
2692,Snycerus caffer,Benny Tassel
2693,Francolinus coqui,Lotlux
2694,Francolinus coqui,Tracy Sixsmith
2697,Diomedea irrorata,Biodex
2698,Diomedea irrorata,Stevie Puzey
2701,Felis caracal,Paco Gogerty
2702,Marmota flaviventris,Sonsing
2703,Marmota flaviventris,Corrina Martygin
2706,Myotis lucifugus,Jonis Maudsley
2707,Melophus lathami,Voltsillam
2708,Melophus lathami,Dulce Berkley
2710,Callipepla gambelii,Aida Caudelier
2711,Coendou prehensilis,Redhold
2712,Coendou prehensilis,Ramona Soames
2716,Leptoptilos crumeniferus,Franklin Robrose
2720,Ovis orientalis,Reg Yesinin
2724,Varanus sp.,Danice Lipgens
2726,Ardea golieth,Daffi Rawling
2728,Neotoma sp.,Pannier
2729,Neotoma sp.,Avrom Magrane
2730,Grus canadensis,Y-Solowarm
2733,Gyps bengalensis,Jewelle Corish
2734,Han Willms and Goyette,Businessallday
2749,Phaethon aethereus,Fintone
2752,Lorythaixoides concolor,Codi McDade
2753,Tragelaphus scriptus,Hatity
2755,Ratufa indica,Gembucket
2756,Ratufa indica,Anna-diane Axtonne
2764,Lama pacos,Matsoft
2772,Hippotragus niger,Overhold
2776,Marmota flaviventris,Brade De'Vere - Hunt
2778,Bucephala clangula,Karoly Rippin
2779,Bubo virginianus,Tin
2791,unavailable,Temp
2795,Ictalurus furcatus,Lotstring
2801,unavailable,Tresom
2802,unavailable,Rheba Kirke
2806,Nyctanassa violacea,Viva
2807,Nyctanassa violacea,Jakie Tickner
2811,Dusicyon thous,Giulia Gaspar
2813,Dusicyon thous,Ryann Janjusevic
2817,Morelia spilotes variegata,Justino Tierney
2818,Macejkov Mills and Paucek,Multihannelled
2819,Bison bison,Biodex
2824,Choloepus hoffmani,Stim
2825,Choloepus hoffmani,Yovonnda Fulbrook
2829,Cygnus buccinator,Lynda Simmgen
2830,Kobus defassa,Toughjoyfax
2831,Kobus defassa,Hall Thay
2834,Bosco Sipes and Mosciski,Enterprisewide
2835,Canis mesomelas,Solarbreeze
2836,Canis mesomelas,Germain Mergue
2840,Marvin Kirlin and Thiel,Realigned
2842,Laniarius ferrugineus,Garold Doumenc
2843,Haematopus ater,Ronstring
2847,Papio cynocephalus,Danyelle Giacopini
2848,Renne Lebsack and Ruecker,Upgradable
2849,Sceloporus magister,Quo Lux
2852,Pseudalopex gymnocercus,Pier Done
2853,FrieseOlson and Doyle,framework
2854,Anthropoides paradisea,Domainer
2857,Columba palumbus,Asoka
2858,Columba palumbus,Piotr MacFadzan
2861,ThielGrant and Emmerich,Digitized
2863,Otaria flavescens,Siouxie Kinnaird
2865,Cordylus giganteus,Domainer
2866,Cordylus giganteus,Henrik Macon
2867,HanSchmidt and Muller,extranet
2870,Considin Morar and Cremin,Decentralized
2871,Spheniscus magellanicus,Subin
2872,Spheniscus magellanicus,Arin Durdle
2875,Aepyceros mylampus,Antoni Gilffilland
2876,Cyrtodactylus louisiadensis,Veribet
2879,Canis aureus,Nalani MacPake
2880,SteubeLeffler and Heller,exuding
2881,Lamprotornis chalybaeus,Overhold
2884,Spermophilus armatus,Bitwolf
2885,Spermophilus armatus,Isidro Colvine
2888,Mustela nigripes,Veribet
2889,Mustela nigripes,Phoebe Seeviour
2890,Actophilornis africanus,Latlux
2893,Platalea leucordia,Cardguard
2894,Platalea leucordia,Clemmy Furphy
2897,Pedetes capensis,Keylex
2898,Pedetes capensis,Simmonds Snowding
2899,Helogale undulata,Transcof
2902,Nycticorax nycticorax,Jillie Metterick
2903,Canis dingo,Veribet
2906,Coluber constrictor,Vagram
2907,Coluber constrictor,Emelita Esgate
2908,Acinynox jubatus,Pannier
2911,Macropus robustus,Tracey Kupke
2912,Lynch Volkman and Gleichner,process improvement
2915,SpenceKerluke and Braun,webenabled
2916,Capreolus capreolus,Rank
2917,Capreolus capreolus,Arch Trevaskiss
2920,Macropus giganteus,Andalax
2921,Macropus giganteus,Boniface Caffin
2924,Toxostoma curvirostre,Vagram
2925,Toxostoma curvirostre,Vannie Kennler
2926,Leptoptilos crumeniferus,Aerified
2929,Boselaphus tragocamelus,Artemis Antic
2930,Ourebia ourebi,Zathin
2933,Anathana ellioti,Tampflex
2934,Anathana ellioti,Carola Gittose
2935,Johnso Graham and Smith,portal
2938,Macropus agilis,Sonsing
2939,Macropus agilis,Kevyn McLarty
2940,Marmota caligata,Subin
2942,Libellula quadrimaculata,Biodex
2943,Libellula quadrimaculata,Trueman Queenborough
2944,Stenella coeruleoalba,Andalax
2948,Spermophilus tridecemlineatus,Prodder
2952,Zonotrichia capensis,Arabella Mulkerrins
2956,Bos frontalis,Breanne Stamper
2958,Meles meles,Issy Benedit
2960,Corvus albicollis,Brant Walthall
2961,Columba livia,Keylex
2962,Columba livia,Silvain Gleeton
2965,Hystrix cristata,Home Ing
2966,Hystrix cristata,Lionel Rowler
2981,Cervus duvauceli,Alaster Danzey
2984,Macropus giganteus,Malia Imlacke
2985,Spheniscus magellanicus,Regrant
2987,Tyto novaehollandiae,Transcof
2988,Tyto novaehollandiae,Florri Cotelard
2996,Phalacrocorax niger,Alla Kenen
3004,Cacatua galerita,Konklab
3008,Lemur fulvus,Voyatouch
3010,Microcebus murinus,Prodder
3011,Tadorna tadorna,Bitchip
3023,Pelecans onocratalus,Voyatouch
3027,Raphicerus campestris,Zamit
3033,Ammospermophilus nelsoni,Domainer
3034,Priodontes maximus,Bamity
3038,Chauna torquata,Sonair
3039,Porphyrio porphyrio,Stim
3043,Bucephala clangula,Veribet
3045,Coluber constrictor foxii,Opela
3049,Microcavia australis,Treeflex
3050,Rana sp.,Cardguard
3051,Castor fiber,Viva
3056,Dasypus novemcinctus,Solarbreeze
3057,Dromaeus novaehollandiae,Otcom
3061,Corvus albus,Fixflex
3062,Paraxerus cepapi,Zathin
3063,Panthera pardus,Otcom
3066,Meleagris gallopavo,Opela
3067,Colobus guerza,Stim
3068,Tiliqua scincoides,Voyatouch
3072,Otaria flavescens,It
3074,Turtur chalcospilos,Biodex
3075,Chelodina longicollis,Zamit
3079,Grus antigone,Tampflex
3080,Zosterops pallidus,Sonair
3081,Acridotheres tristis,Keylex
3084,Alligator mississippiensis,Tempsoft
3085,Petaurus norfolcensis,Treeflex
3086,Myiarchus tuberculifer,Holdlamis
3089,Dendrohyrax brucel,It
3090,Coracias caudata,Bitchip
3093,Lamprotornis sp.,Aerified
3095,Uraeginthus granatina,Lotstring
3097,Uraeginthus angolensis,Wrapsafe
3098,Giraffe camelopardalis,Cardify
3099,Ramphastos tucanus,Zaam-Dox
3102,Theropithecus gelada,Alpha
3103,unavailable,Kanlam
3104,Macropus fuliginosus,Sonsing
3107,Crotalus triseriatus,Trippledex
3108,Alligator mississippiensis,Zontrax
3111,Vulpes vulpes,Zoolab
3112,Tachyglossus aculeatus,Domainer
3113,Mabuya spilogaster,Zamit
3116,Phalacrocorax brasilianus,Kanlam
3117,Egretta thula,Solarbreeze
3120,Pycnonotus nigricans,Asoka
3121,Macaca radiata,Zathin
3122,Cervus canadensis,Y-Solowarm
3125,Bucorvus leadbeateri,Temp
3126,Chelodina longicollis,Redhold
3129,Nucifraga columbiana,Alpha
3130,Hystrix cristata,Otcom
3131,Potos flavus,Ventosanzap
3134,Gyps bengalensis,Y-find
3135,Ictalurus furcatus,Fintone
3138,Junonia genoveua,Holdlamis
3139,Phalacrocorax carbo,Subin
3140,Phalacrocorax carbo,Toughjoyfax
3143,Phalacrocorax albiventer,Mat Lam Tam
3144,Nyctereutes procyonoides,Kanlam
3147,Chloephaga melanoptera,Veribet
3148,Propithecus verreauxi,Stim
3149,Buteo regalis,Andalax
3152,Myrmecophaga tridactyla,Sonsing
3153,Hystrix cristata,Fixflex
3156,Corvus brachyrhynchos,Span
3157,Mephitis mephitis,Bitchip
3158,Cathartes aura,Lotlux
3161,Columba palumbus,Flexidy
3162,Laniaurius atrococcineus,Alphazap
3165,Helogale undulata,Voyatouch
3166,Vulpes chama,Biodex
3167,Sagittarius serpentarius,Tempsoft
3170,Gazella granti,Zoolab
3171,Phoenicopterus ruber,Stringtough
3172,Upupa epops,Zontrax
3174,Phoenicopterus ruber,Bytecard
3175,Merops nubicus,Gembucket
3176,Limnocorax flavirostra,Domainer
3179,Cygnus buccinator,Biodex
3180,Lycaon pictus,Sub-Ex
3181,Loxodonta africana,Sonsing
3183,Amblyrhynchus cristatus,Holdlamis
3184,Gymnorhina tibicen,Sonair
3185,Chelodina longicollis,Mat Lam Tam
3188,Bucorvus leadbeateri,Lotstring
3189,Amazona sp.,Zathin
3190,Lemur fulvus,Solarbreeze
3192,Pycnonotus barbatus,Y-Solowarm
3193,Procyon lotor,Pannier
3194,Oreotragus oreotragus,Domainer
3195,Tursiops truncatus,Otcom
3197,Limnocorax flavirostra,Solarbreeze
3198,Lamprotornis nitens,Flowdesk
3199,Dendrocitta vagabunda,Tempsoft
3203,Bucorvus leadbeateri,Zathin
3207,Egretta thula,Sonsing
3211,Tragelaphus strepsiceros,Wrapsafe
3213,Boselaphus tragocamelus,Job
3215,Lycosa godeffroyi,Lotstring
3216,Vombatus ursinus,Bytecard
3217,Pavo cristatus,Stim
3219,Felis silvestris lybica,Latlux
3220,Conolophus subcristatus,Viva
3221,Cordylus giganteus,Asoka
3228,Acinynox jubatus,Daltfresh
3236,Haematopus ater,Prodder
3239,Dicrurus adsimilis,Lotstring
3240,Phoenicopterus chilensis,Zamit
3242,Cereopsis novaehollandiae,Bamity
3243,Cervus canadensis,Bigtax
3251,Macropus fuliginosus,Greenlam
3255,Zalophus californicus,Cardify
3259,Thalasseus maximus,Bitchip
3263,Laniaurius atrococcineus,Sonsing
3265,Tayassu tajacu,Pannier
3266,Genetta genetta,Stronghold
3269,Mycteria ibis,Toughjoyfax
3270,Anthropoides paradisea,Tres-Zap
3271,Erethizon dorsatum,Trippledex
3275,Anas bahamensis,It
3277,Lorythaixoides concolor,Viva
3278,Agkistrodon piscivorus,Bamity
3281,Otocyon megalotis,Lotlux
3282,Bettongia penicillata,Zaam-Dox
3283,Felis wiedi or Leopardus weidi,Flowdesk
3287,Platalea leucordia,Fintone
3288,Trichechus inunguis,Y-find
3289,Haliaetus leucogaster,It
3293,Cebus apella,Tresom
3294,Caiman crocodilus,Stim
3295,Nesomimus trifasciatus,Greenlam
3298,Macropus robustus,Fixflex
3299,Bubo virginianus,Voyatouch
3300,Orcinus orca,Kanlam
3304,Ovibos moschatus,Domainer
3305,Gymnorhina tibicen,Andalax
3306,Macropus rufogriseus,Voyatouch
3307,Psittacula krameri,Sonsing
3311,Francolinus swainsonii,Solarbreeze
3312,Zosterops pallidus,Holdlamis
3313,Cacatua tenuirostris,Toughjoyfax
3316,Uraeginthus angolensis,Bitchip
3317,Kobus vardonii vardoni,Cardify
3318,Sciurus vulgaris,Alpha
3321,Bos taurus,Tresom
3322,Seiurus aurocapillus,Wrapsafe
3323,Mephitis mephitis,Flexidy
3325,Macropus rufus,Ronstring
3327,Eubalaena australis,Daltfresh
3329,Trichechus inunguis,Y-find
3330,Nyctea scandiaca,Vagram
3331,Lasiodora parahybana,Home Ing
3334,Agkistrodon piscivorus,Cookley
3335,Alligator mississippiensis,Flowdesk
3336,Mungos mungo,Fintone
3339,Paraxerus cepapi,Prodder
3340,Neotis denhami,Stringtough
3341,Taxidea taxus,Zontrax
3343,Mungos mungo,Alpha
3344,Macropus fuliginosus,Overhold
3345,Alligator mississippiensis,Pannier
3348,Spermophilus lateralis,Asoka
3349,Dusicyon thous,Duobam
3350,Corallus hortulanus cooki,Namfix
3352,Phalacrocorax brasilianus,Redhold
3353,Pycnonotus nigricans,Flowdesk
3354,Felis caracal,Flexidy
3357,Macropus eugenii,Pannier
3358,Canis mesomelas,Fixflex
3359,Canis aureus,Cookley
3361,Philetairus socius,Treeflex
3362,Hippotragus niger,Regrant
3363,Otaria flavescens,Opela
3366,Eubalaena australis,Zathin
3367,Buteo galapagoensis,Overhold
3368,Martes americana,Asoka
3370,Genetta genetta,Greenlam
3371,Branta canadensis,Veribet
3372,Gazella thompsonii,Gembucket
3375,Tockus flavirostris,Vagram
3376,Tragelaphus strepsiceros,Fix San
3377,Theropithecus gelada,Voltsillam
3379,Agelaius phoeniceus,Cardguard
3380,Bubalus arnee,Voyatouch
3381,Equus burchelli,Alphazap
3384,Cercatetus concinnus,Tampflex
3385,Nannopterum harrisi,Toughjoyfax
3386,Phalacrocorax carbo,Lotstring
3388,Actophilornis africanus,Daltfresh
3389,Phalaropus lobatus,Duobam
3390,Bubalornis niger,Wrapsafe
3393,Dasyurus viverrinus,Regrant
3394,Phoenicopterus chilensis,Alpha
3395,Sula nebouxii,Solarbreeze
3397,Chlamydosaurus kingii,Flexidy
3398,Spizaetus coronatus,Aerified
3399,Tamiasciurus hudsonicus,Lotlux
3402,Ursus maritimus,Fixflex
3403,Alectura lathami,Ventosanzap
3404,Cynictis penicillata,Tres-Zap
3406,Eumetopias jubatus,Cookley
3407,Equus burchelli,Home Ing
3408,Paradoxurus hermaphroditus,Flowdesk
3411,Corythornis cristata,Bitchip
3412,Sarkidornis melanotos,Viva
3413,Paradoxurus hermaphroditus,Zathin
3415,Grus canadensis,Wrapsafe
3416,Oryx gazella,Mat Lam Tam
3417,Cervus duvauceli,Duobam
3420,Libellula quadrimaculata,Latlux
3421,Boa caninus,Stringtough
3422,Hippotragus niger,Zathin
3424,Aegypius occipitalis,Keylex
3425,Cercopithecus aethiops,Domainer
3426,Choloepus hoffmani,Tresom
3427,Tiliqua scincoides,Daltfresh
3429,unavailable,Gembucket
3430,Stenella coeruleoalba,Alpha
3431,Scolopax minor,Span
3435,Himantopus himantopus,Zamit
3439,Semnopithecus entellus,Tampflex
3443,Dolichitus patagonum,Viva
3445,Macaca mulatta,Trippledex
3447,Chlidonias leucopterus,Aerified
3448,unavailable,Asoka
3449,Cebus albifrons,Kanlam
3451,Dusicyon thous,Zamit
3452,Pedetes capensis,Voltsillam
3453,Semnopithecus entellus,Y-Solowarm
3460,Naja nivea,Bytecard
3468,Butorides striatus,Fix San
3471,Corvus brachyrhynchos,Latlux
3472,Zalophus californicus,Pannier
3474,Phascolarctos cinereus,Bitchip
3475,Vicugna vicugna,Trippledex
3483,Taurotagus oryx,Cardguard
3487,Carphophis sp.,Zamit
3491,Ramphastos tucanus,Tresom
3495,Eudyptula minor,Bitchip
3497,Charadrius tricollaris,Cookley
3498,Tragelaphus angasi,Domainer
3501,Motacilla aguimp,Hatity
3502,Spheniscus magellanicus,Quo Lux
3503,D,C
